{"_default": {}, "table_user": {"1": {"fullName": "Antonio Cedeno Pozo", "gender": "male", "email": "tony@uci.cu", "password": "t", "id": 1, "projectsFollow": [4]}, "2": {"fullName": "Alejandro Ravelo Julian", "gender": "male", "email": "aravelojulian@gmail.com", "password": "ale", "id": 2, "projectsFollow": [2, 4]}, "3": {"fullName": "Yoenia Lapido Ramirez", "gender": "female", "email": "ylapido@uci.cu", "password": "y", "id": 3, "projectsFollow": []}, "4": {"fullName": "Juan Fung", "gender": "male", "email": "fung@gmail.com", "password": "f", "id": 4, "projectsFollow": []}, "5": {"fullName": "Juanito Fung", "gender": "male", "email": "juanito@gmail.com", "password": "j", "id": 5, "projectsFollow": []}}, "table_profile": {}, "table_simple_project": {"2": {"creationDate": "2017-05-20T15:10:57.977Z", "id": 2, "userId": "1", "projectName": "Panaderia", "description": "adsda das das da das da das as das da da adsda das das da das da das as das da daadsda das das da das da das as das da daadsda das das da das da das as das da daadsda das das da das da das as das da daadsda das das da das da das as das da daadsda das das da das da das as das da daadsda das das da das da das as das da da", "totalCost": "250", "minimalCost": "250", "estimateDuration": "4", "state": "1", "deathLine": "2017-05-20T15:08:22.392Z", "revenueOwner": "10", "maxNumInves": "2", "minCapInves": "10"}, "3": {"creationDate": "2017-05-20T15:10:49.609Z", "id": 3, "userId": "2", "projectName": "Alejandro Project", "description": "This is a description of my project. Bla bla bla bla bla bla bla bla bla bla bla bla bla bla bla bla bla bla bla bla bla. Bla bla bla bla bla bla bla bla bla bla bla bla bla. Finish description.", "totalCost": "5000", "minimalCost": "1000", "estimateDuration": "12", "state": "1", "deathLine": "2017-05-20T15:02:38.840Z", "revenueOwner": "3", "maxNumInves": "2", "minCapInves": "2"}, "4": {"creationDate": "2017-05-20T19:55:51.545Z", "id": 4, "userId": 2, "projectName": "finca maiz", "description": "daasda das da das da\ndasdaas das\ndas\ndas\nda\nsdsa\ndas\ndass\ndsa  dasdas", "totalCost": "100", "minimalCost": "150", "estimateDuration": "2", "state": "1", "deathLine": "2017-05-20T19:53:44.099Z", "revenueOwner": "2", "maxNumInves": "2", "minCapInves": "100"}}, "table_complex_project": {}, "table_risk": {}, "table_reference": {}, "table_task": {"1": {"name": "task 2", "description": "das  dasd a das  dasd a das  dasd a das  dasd a das  dasd a das  dasd a das  dasd a das  dasd a das  dasd a das  dasd a", "cost": "100", "outcome": "", "startDate": "2017-05-28T04:00:00.000Z", "duration": "2", "state": "1", "projectId": "1", "id": 1}, "2": {"name": "task 1", "description": "dasdasdas dasdasda\ndasdadasda asdas\nd\nad a\nsd\nasd\nas", "cost": "100", "startDate": "2017-05-26T04:00:00.000Z", "duration": "2", "state": "1", "projectId": "1", "id": 2}, "3": {"name": "task 1", "description": "das dasdsdas dasdsda sdasds   das dasdsdas dasdsda sdasds  das dasdsdas dasdsda sdasds  das dasdsdas dasdsda sdasds", "cost": "100", "startDate": "2017-05-28T04:00:00.000Z", "duration": "2", "state": "1", "projectId": "2", "id": 3}, "4": {"name": "task 2", "description": "das dasdsdas dasdsda sdasds  das dasdsdas dasdsda sdasds  das dasdsdas dasdsda sdasds  das dasdsdas dasdsda sdasds  das dasdsdas dasdsda sdasds  das dasdsdas dasdsda sdasds", "cost": "100", "outcome": "", "startDate": "2017-05-28T04:00:00.000Z", "duration": "2", "state": "", "projectId": "2", "id": 4}, "5": {"name": "First Task", "description": "This is a description of a first task.", "cost": "1000", "startDate": "2017-05-21T04:00:00.000Z", "duration": "3", "state": "1", "projectId": "3", "id": 5}, "6": {"name": "Second Task", "description": "This is a description f a second task", "cost": "500", "outcome": "", "startDate": "2017-06-11T04:00:00.000Z", "duration": "2", "state": "", "projectId": "3", "id": 6}, "7": {"name": "one task", "description": "asdas das das ds da das d sadd sa dsa da d da", "cost": "100", "startDate": "2017-05-28T04:00:00.000Z", "duration": "2", "state": "1", "projectId": "4", "id": 7}, "8": {"name": "sdsadasd", "description": "asdasdasdasds", "cost": "50", "duration": "3", "state": "5", "projectId": "5", "id": 8}}, "table_proposal": {"1": {"id": 1, "name": "Proposal of project", "proposalContent": "Aadsdasdasd dasdsa dsadasda", "itemSubject": "asdsad sad asdasasdasdasdasd", "projectId": 3, "proposalOwnerId": 2, "state": "publish"}, "2": {"id": 2, "name": "p1", "proposalContent": "das daas dasd das daas dasddas daas dasddas daas dasd", "itemSubject": "dsdaasdaasdadas", "projectId": 1, "proposalOwnerId": "1", "state": "publish"}, "3": {"id": 3, "name": "new p", "proposalContent": "anterior dasdsadsa  dadsa", "itemSubject": "new content dsadasasdadas", "projectId": 1, "proposalOwnerId": 1, "state": "publish"}, "4": {"id": 4, "name": "dsda", "proposalContent": "sadas dsda  ddad", "itemSubject": "dasdsd dadas", "projectId": 1, "proposalOwnerId": 1, "state": "publish"}, "5": {"id": 5, "name": "dsada", "proposalContent": "xsda dsad dsadsa", "itemSubject": "ds dsadas dsa", "projectId": 1, "proposalOwnerId": 1, "state": "publish"}, "6": {"id": 6, "name": "dsa", "proposalContent": "das", "itemSubject": "das", "projectId": 3, "proposalOwnerId": 2, "state": "publish"}, "7": {"id": 7, "name": "dasas", "proposalContent": "ddasdas", "itemSubject": "dasda", "projectId": 3, "proposalOwnerId": 2, "state": "publish"}, "8": {"id": 8, "name": "ggg", "proposalContent": "ggg", "itemSubject": "ggggg", "projectId": 3, "proposalOwnerId": 2, "state": "publish"}, "9": {"id": 9, "name": "aaa", "proposalContent": "a", "itemSubject": "a", "projectId": 3, "proposalOwnerId": 2, "state": "publish"}, "10": {"id": 10, "name": "dasda", "proposalContent": "dasda", "itemSubject": "das", "projectId": 3, "proposalOwnerId": 2, "state": "publish"}, "11": {"id": 11, "name": "dasdgg", "proposalContent": "gg", "itemSubject": "gg", "projectId": 3, "proposalOwnerId": 2, "state": "publish"}, "12": {"id": 12, "name": "bb", "proposalContent": "bb", "itemSubject": "bb", "projectId": 3, "proposalOwnerId": 2, "state": "publish"}, "13": {"id": 13, "name": "b", "proposalContent": "b", "itemSubject": "b", "projectId": 3, "proposalOwnerId": 2, "state": "publish"}, "14": {"id": 14, "name": "sdasdasdasd", "proposalContent": "adsasdasdasd as dasdasdas das", "itemSubject": "d asdasd sadasdasdsad as dsadas", "projectId": 3, "proposalOwnerId": 2, "state": "publish"}, "15": {"id": 15, "name": "vvv", "proposalContent": "vvv", "itemSubject": "vvv", "projectId": 1, "proposalOwnerId": 1, "state": "publish"}, "16": {"id": 16, "name": "bb", "proposalContent": "bb", "itemSubject": "bb", "projectId": 1, "proposalOwnerId": 1, "state": "publish"}, "17": {"id": 17, "name": "asdasdasd AAAAAAA", "proposalContent": "AAAAAAA", "itemSubject": "AAAAAAAA", "projectId": 4, "proposalOwnerId": 2, "state": "publish"}, "18": {"id": 18, "name": "vv", "proposalContent": "v", "itemSubject": "v", "projectId": 1, "proposalOwnerId": 1, "state": "publish"}, "19": {"id": 19, "name": "BBBBBB", "proposalContent": "BBBBBB", "itemSubject": "BBBB", "projectId": 4, "proposalOwnerId": 2, "state": "publish"}, "20": {"id": 20, "name": "fff", "proposalContent": "fff", "itemSubject": "ffff", "projectId": 1, "proposalOwnerId": 1, "state": "publish"}, "21": {"id": 21, "name": "test", "proposalContent": "das", "itemSubject": "das", "projectId": 2, "proposalOwnerId": 1, "state": "publish"}, "22": {"id": 22, "name": "Gggg", "proposalContent": "Yfgf", "itemSubject": "Gjghgb", "projectId": 2, "proposalOwnerId": 1, "state": "publish"}, "23": {"id": 23, "name": "Gggg", "proposalContent": "Rrrrr", "itemSubject": "Ttttt", "projectId": 1, "proposalOwnerId": 1, "state": "publish"}, "24": {"id": 24, "name": "Tt\u00fe", "proposalContent": "Hhhh", "itemSubject": "Iiiiiii", "projectId": 2, "proposalOwnerId": 1, "state": "publish"}, "25": {"id": 25, "name": "dadsas", "proposalContent": "ggggg", "itemSubject": "ggggg", "projectId": 3, "proposalOwnerId": 1, "state": "publish"}}, "table_notification": {"1": {"userId": "2", "from": "Alejandro Ravelo Julian", "read": false, "type": "0", "date": "2017-05-20 22:33:16", "subject": "Creation", "content": "New proposal was created"}, "2": {"userId": "2", "from": "Alejandro Ravelo Julian", "read": false, "type": "0", "date": "2017-05-20 22:34:33", "subject": "Creation", "content": "New proposal was created"}, "3": {"userId": "2", "from": "Alejandro Ravelo Julian", "read": false, "type": "0", "date": "2017-05-20 22:36:27", "subject": "Creation", "content": "New proposal was created"}, "4": {"userId": "2", "from": "Alejandro Ravelo Julian", "read": false, "type": "0", "date": "2017-05-20 22:37:20", "subject": "Creation", "content": "New proposal was created"}, "5": {"userId": "1", "from": "Antonio Cedeno Pozo", "read": false, "type": "0", "date": "2017-05-20 22:38:13", "subject": "Creation", "content": "New proposal was created"}, "6": {"userId": "1", "from": "Antonio Cedeno Pozo", "read": false, "type": "0", "date": "2017-05-20 22:39:34", "subject": "Creation", "content": "New proposal was created"}, "7": {"userId": "2", "from": "Alejandro Ravelo Julian", "read": false, "type": "0", "date": "2017-05-20 22:40:28", "subject": "Creation", "content": "New proposal was created"}, "8": {"userId": "1", "from": "Antonio Cedeno Pozo", "read": false, "type": "0", "date": "2017-05-20 22:42:35", "subject": "Creation", "content": "New proposal was created"}, "9": {"userId": "2", "from": "Alejandro Ravelo Julian", "read": false, "type": "0", "date": "2017-05-20 22:42:46", "subject": "Creation", "content": "New proposal was created"}, "10": {"userId": "1", "from": "Antonio Cedeno Pozo", "read": false, "type": "0", "date": "2017-05-23 14:12:57", "subject": "Creation", "content": "New proposal was created"}, "11": {"userId": "1", "from": "Antonio Cedeno Pozo", "read": false, "type": "0", "date": "2017-05-26 16:24:08", "subject": "Creation", "content": "New proposal was created"}, "12": {"userId": "1", "from": "Antonio Cedeno Pozo", "read": false, "type": "0", "date": "2017-05-27 10:14:01", "subject": "Creation", "content": "New proposal was created"}, "13": {"userId": "1", "from": "Antonio Cedeno Pozo", "read": false, "type": "0", "date": "2017-05-27 10:15:59", "subject": "Creation", "content": "New proposal was created"}, "14": {"userId": "1", "from": "Antonio Cedeno Pozo", "read": false, "type": "0", "date": "2017-05-27 10:16:36", "subject": "Creation", "content": "New proposal was created"}, "15": {"userId": "1", "from": "Antonio Cedeno Pozo", "read": false, "type": "0", "date": "2017-05-27 14:50:29", "subject": "Creation", "content": "New proposal was created"}}, "table_chat": {"1": {"user": "Peter Clark", "avatar": "assets/images/avatar-1.jpg", "date": "2017-05-25T03:03:26.786Z", "content": "hola", "idUser": 1, "idOther": 2}, "2": {"user": "Peter Clark", "avatar": "assets/images/avatar-1.jpg", "date": "2017-05-25T03:04:11.273Z", "content": "jjjjjjjjjj", "idUser": 1, "idOther": 2}, "3": {"user": "Peter Clark", "avatar": "assets/images/default-user.png", "date": "2017-05-25T03:10:57.158Z", "content": "sada", "idUser": 1, "idOther": 2}, "4": {"user": "Peter Clark", "avatar": "assets/images/default-user.png", "date": "2017-05-25T03:14:26.146Z", "content": "fff", "idUser": 1, "idOther": 2}, "5": {"user": "Peter Clark", "avatar": "assets/images/default-user.png", "date": "2017-05-25T03:15:46.254Z", "content": "dsa", "idUser": 1, "idOther": 2}, "6": {"user": "Peter Clark", "avatar": "assets/images/default-user.png", "date": "2017-05-25T03:16:16.865Z", "content": "f", "idUser": 1, "idOther": 2}, "7": {"user": "Peter Clark", "avatar": "assets/images/default-user.png", "date": "2017-05-25T03:21:16.532Z", "content": "f", "idUser": 1, "idOther": 2}, "8": {"user": "Peter Clark", "avatar": "assets/images/default-user.png", "date": "2017-05-25T03:21:28.788Z", "content": "hola", "idUser": 1, "idOther": 2}, "9": {"user": "Peter Clark", "avatar": "assets/images/default-user.png", "date": "2017-05-25T03:25:44.164Z", "content": "sadasd", "idUser": 2, "idOther": 1}, "10": {"user": "Peter Clark", "avatar": "assets/images/default-user.png", "date": "2017-05-25T03:28:28.973Z", "content": "dime", "idUser": 1, "idOther": 2}, "11": {"user": "Peter Clark", "avatar": "assets/images/default-user.png", "date": "2017-05-25T03:26:33.952Z", "content": "tony", "idUser": 2, "idOther": 1}, "12": {"user": "Peter Clark", "avatar": "assets/images/default-user.png", "date": "2017-05-25T03:30:14.129Z", "content": "kkk", "idUser": 1, "idOther": 2}, "13": {"user": "Peter Clark", "avatar": "assets/images/default-user.png", "date": "2017-05-25T03:27:55.077Z", "content": "ale", "idUser": 2, "idOther": 1}, "14": {"user": "Peter Clark", "avatar": "assets/images/default-user.png", "date": "2017-05-25T03:28:08.478Z", "content": "zx", "idUser": 2, "idOther": 1}, "15": {"user": "Peter Clark", "avatar": "assets/images/default-user.png", "date": "2017-05-25T03:34:38.828Z", "content": "g", "idUser": 1, "idOther": 2}, "16": {"user": "Peter Clark", "avatar": "assets/images/default-user.png", "date": "2017-05-25T03:39:17.070Z", "content": "fff", "idUser": 1, "idOther": 2}, "17": {"user": "Peter Clark", "avatar": "assets/images/default-user.png", "date": "2017-05-25T03:37:03.284Z", "content": "hola", "idUser": 2, "idOther": 1}, "18": {"user": "Peter Clark", "avatar": "assets/images/default-user.png", "date": "2017-05-25T03:39:31.489Z", "content": "dime", "idUser": 1, "idOther": 2}, "19": {"user": "Peter Clark", "avatar": "assets/images/default-user.png", "date": "2017-05-25T03:37:08.265Z", "content": "jajajaja", "idUser": 2, "idOther": 1}, "20": {"user": "Peter Clark", "avatar": "assets/images/default-user.png", "date": "2017-05-25T03:39:35.569Z", "content": "pincha o no pincha", "idUser": 1, "idOther": 2}, "21": {"user": "Peter Clark", "avatar": "assets/images/default-user.png", "date": "2017-05-25T03:37:11.824Z", "content": "claro", "idUser": 2, "idOther": 1}, "22": {"user": "Peter Clark", "avatar": "assets/images/default-user.png", "date": "2017-05-25T03:39:38.869Z", "content": "q vuelta", "idUser": 1, "idOther": 2}, "23": {"user": "Peter Clark", "avatar": "assets/images/default-user.png", "date": "2017-05-25T03:39:39.964Z", "content": "jeejej", "idUser": 1, "idOther": 2}, "24": {"user": "Peter Clark", "avatar": "assets/images/default-user.png", "date": "2017-05-25T03:37:16.660Z", "content": "jajaja", "idUser": 2, "idOther": 1}, "25": {"user": "Peter Clark", "avatar": "assets/images/default-user.png", "date": "2017-05-25T03:41:02.544Z", "content": "hola yoe", "idUser": 1, "idOther": 3}, "26": {"user": "Peter Clark", "avatar": "assets/images/default-user.png", "date": "2017-05-25T03:38:50.180Z", "content": "hola tony", "idUser": 3, "idOther": 1}, "27": {"user": "Peter Clark", "avatar": "assets/images/default-user.png", "date": "2017-05-25T03:39:04.149Z", "content": "hola ale", "idUser": 3, "idOther": 2}, "28": {"user": "Peter Clark", "avatar": "assets/images/default-user.png", "date": "2017-05-25T03:39:11.487Z", "content": "hola yoe", "idUser": 2, "idOther": 3}, "29": {"user": "Peter Clark", "avatar": "assets/images/default-user.png", "date": "2017-05-26T02:15:56.492Z", "content": "dsa", "idUser": 1, "idOther": 2}, "30": {"user": "Peter Clark", "avatar": "assets/images/default-user.png", "date": "2017-05-26T20:50:27.713Z", "content": "das", "idUser": 1, "idOther": 2}, "31": {"user": "Peter Clark", "avatar": "assets/images/default-user.png", "date": "2017-05-26T20:50:38.586Z", "content": "est'as ahi", "idUser": 1, "idOther": 2}, "32": {"user": "Peter Clark", "avatar": "assets/images/default-user.png", "date": "2017-05-26T20:50:52.267Z", "content": "das", "idUser": 1, "idOther": 2}, "33": {"user": "Peter Clark", "avatar": "assets/images/default-user.png", "date": "2017-05-26T20:50:57.555Z", "content": "me ves", "idUser": 1, "idOther": 2}, "34": {"user": "Peter Clark", "avatar": "assets/images/default-user.png", "date": "2017-05-26T20:48:29.408Z", "content": "si", "idUser": 2, "idOther": 1}, "35": {"user": "Peter Clark", "avatar": "assets/images/default-user.png", "date": "2017-05-26T20:51:00.930Z", "content": "ok ok", "idUser": 1, "idOther": 2}, "36": {"user": "Peter Clark", "avatar": "assets/images/default-user.png", "date": "2017-05-26T20:48:33.265Z", "content": "ya te veo", "idUser": 2, "idOther": 1}, "37": {"user": "Peter Clark", "avatar": "assets/images/default-user.png", "date": "2017-05-26T20:51:06.794Z", "content": "tiene sus bateos", "idUser": 1, "idOther": 2}, "38": {"user": "Peter Clark", "avatar": "assets/images/default-user.png", "date": "2017-05-26T20:51:10.315Z", "content": "boberias", "idUser": 1, "idOther": 2}, "39": {"user": "Peter Clark", "avatar": "assets/images/default-user.png", "date": "2017-05-26T20:51:13.435Z", "content": "como eso", "idUser": 1, "idOther": 2}, "40": {"user": "Peter Clark", "avatar": "assets/images/default-user.png", "date": "2017-05-26T20:51:19.018Z", "content": "tengo q arreglar eso", "idUser": 1, "idOther": 2}, "41": {"user": "Peter Clark", "avatar": "assets/images/default-user.png", "date": "2017-05-26T20:51:20.009Z", "content": "claro", "idUser": 1, "idOther": 2}, "42": {"user": "Peter Clark", "avatar": "assets/images/default-user.png", "date": "2017-05-26T20:48:51.755Z", "content": "ah ya", "idUser": 2, "idOther": 1}, "43": {"user": "Peter Clark", "avatar": "assets/images/default-user.png", "date": "2017-05-26T20:51:23.707Z", "content": "esos temitas", "idUser": 1, "idOther": 2}, "44": {"user": "Peter Clark", "avatar": "assets/images/default-user.png", "date": "2017-05-26T20:48:55.593Z", "content": "ok", "idUser": 2, "idOther": 1}, "45": {"user": "Peter Clark", "avatar": "assets/images/default-user.png", "date": "2017-05-26T20:51:29.658Z", "content": "pero no es gran cosa", "idUser": 1, "idOther": 2}, "46": {"user": "Peter Clark", "avatar": "assets/images/default-user.png", "date": "2017-05-26T20:49:07.047Z", "content": "menos mal", "idUser": 2, "idOther": 1}, "47": {"user": "Peter Clark", "avatar": "assets/images/default-user.png", "date": "2017-05-26T20:51:36.058Z", "content": "ok, podemos parar por ahora", "idUser": 1, "idOther": 2}, "48": {"user": "Peter Clark", "avatar": "assets/images/default-user.png", "date": "2017-05-26T20:49:11.680Z", "content": "ok dale", "idUser": 2, "idOther": 1}, "49": {"user": "Peter Clark", "avatar": "assets/images/default-user.png", "date": "2017-05-26T20:51:40.325Z", "content": "hasta la noche", "idUser": 1, "idOther": 2}, "50": {"user": "Peter Clark", "avatar": "assets/images/default-user.png", "date": "2017-05-26T20:51:44.907Z", "content": "a ver si viene internet", "idUser": 1, "idOther": 2}, "51": {"user": "Peter Clark", "avatar": "assets/images/default-user.png", "date": "2017-05-26T20:49:23.331Z", "content": "ok no hay lio", "idUser": 2, "idOther": 1}, "52": {"user": "Peter Clark", "avatar": "assets/images/default-user.png", "date": "2017-05-26T20:52:02.634Z", "content": "de todas formas vamos a pinchar", "idUser": 1, "idOther": 2}, "53": {"user": "Peter Clark", "avatar": "assets/images/default-user.png", "date": "2017-05-26T20:52:05.043Z", "content": "aunqeu no venga", "idUser": 1, "idOther": 2}, "54": {"user": "Peter Clark", "avatar": "assets/images/default-user.png", "date": "2017-05-26T20:49:38.822Z", "content": "claro", "idUser": 2, "idOther": 1}, "55": {"user": "Peter Clark", "avatar": "assets/images/default-user.png", "date": "2017-05-26T20:52:14.690Z", "content": "podemos ir pensando en la logica", "idUser": 1, "idOther": 2}, "56": {"user": "Peter Clark", "avatar": "assets/images/default-user.png", "date": "2017-05-26T20:49:47.877Z", "content": "yo llamo al dise\u00f1ador", "idUser": 2, "idOther": 1}, "57": {"user": "Peter Clark", "avatar": "assets/images/default-user.png", "date": "2017-05-26T20:52:21.203Z", "content": "esa misma de la invertion", "idUser": 1, "idOther": 2}, "58": {"user": "Peter Clark", "avatar": "assets/images/default-user.png", "date": "2017-05-26T20:49:53.873Z", "content": "para que venga", "idUser": 2, "idOther": 1}, "59": {"user": "Peter Clark", "avatar": "assets/images/default-user.png", "date": "2017-05-26T20:49:59.793Z", "content": "a instalarle las cosas", "idUser": 2, "idOther": 1}, "60": {"user": "Peter Clark", "avatar": "assets/images/default-user.png", "date": "2017-05-26T20:52:37.627Z", "content": "irlo vinculando todo con los datos del proyecto", "idUser": 1, "idOther": 2}, "61": {"user": "Peter Clark", "avatar": "assets/images/default-user.png", "date": "2017-05-26T20:50:14.354Z", "content": "ok", "idUser": 2, "idOther": 1}, "62": {"user": "Peter Clark", "avatar": "assets/images/default-user.png", "date": "2017-05-26T20:52:52.091Z", "content": "q vaya teniendo logica", "idUser": 1, "idOther": 2}, "63": {"user": "Peter Clark", "avatar": "assets/images/default-user.png", "date": "2017-05-26T20:53:00.986Z", "content": "tengo q llamar a fing", "idUser": 1, "idOther": 2}, "64": {"user": "Peter Clark", "avatar": "assets/images/default-user.png", "date": "2017-05-26T20:53:02.537Z", "content": "ung", "idUser": 1, "idOther": 2}, "65": {"user": "Peter Clark", "avatar": "assets/images/default-user.png", "date": "2017-05-26T20:50:35.214Z", "content": "ok no hay lio", "idUser": 2, "idOther": 1}, "66": {"user": "Peter Clark", "avatar": "assets/images/default-user.png", "date": "2017-05-26T20:53:07.866Z", "content": "para lo de la formula", "idUser": 1, "idOther": 2}, "67": {"user": "Peter Clark", "avatar": "assets/images/default-user.png", "date": "2017-05-26T20:53:09.953Z", "content": "q no aparece", "idUser": 1, "idOther": 2}, "68": {"user": "Peter Clark", "avatar": "assets/images/default-user.png", "date": "2017-05-26T20:50:48.996Z", "content": "ah ay esta bien", "idUser": 2, "idOther": 1}, "69": {"user": "Peter Clark", "avatar": "assets/images/default-user.png", "date": "2017-05-26T20:50:52.757Z", "content": "vamos a parar entonces", "idUser": 2, "idOther": 1}, "70": {"user": "Peter Clark", "avatar": "assets/images/default-user.png", "date": "2017-05-26T20:50:55.222Z", "content": "vengo por la noche", "idUser": 2, "idOther": 1}, "71": {"user": "tony", "avatar": "assets/images/default-user.png", "date": "2017-05-27T01:21:18.538Z", "content": "dasd", "idUser": 1, "idOther": 2}, "72": {"user": "aravelojulian", "avatar": "assets/images/default-user.png", "date": "2017-05-27T01:32:19.355Z", "content": "hola", "idUser": 2, "idOther": 1}, "73": {"user": "tony", "avatar": "assets/images/default-user.png", "date": "2017-05-27T01:34:54.029Z", "content": "dimelo", "idUser": 1, "idOther": 2}, "74": {"user": "aravelojulian", "avatar": "assets/images/default-user.png", "date": "2017-05-27T01:32:30.018Z", "content": "aaqui todo bien", "idUser": 2, "idOther": 1}, "75": {"user": "tony", "avatar": "assets/images/default-user.png", "date": "2017-05-27T01:35:03.334Z", "content": "barbaro", "idUser": 1, "idOther": 2}, "76": {"user": "aravelojulian", "avatar": "assets/images/default-user.png", "date": "2017-05-27T01:32:37.161Z", "content": "ok", "idUser": 2, "idOther": 1}, "77": {"user": "fung", "avatar": "assets/images/default-user.png", "date": "2017-05-27T22:16:00.834Z", "content": "Hola tony", "idUser": 4, "idOther": 1}, "78": {"user": "fung", "avatar": "assets/images/default-user.png", "date": "2017-05-27T22:16:17.173Z", "content": "Dime algo", "idUser": 4, "idOther": 1}, "79": {"user": "tony", "avatar": "assets/images/default-user.png", "date": "2017-05-27T17:17:40.711Z", "content": "Algo", "idUser": 1, "idOther": 4}}, "table_invertion": {"1": {"userId": 2, "projectId": 1, "amount": "", "id": 1}, "2": {"userId": 2, "projectId": 1, "amount": "", "id": 2}, "3": {"userId": 2, "projectId": 1, "amount": "pInvestment", "id": 3}, "4": {"userId": 2, "projectId": 1, "amount": " 200", "id": 4}, "5": {"userId": null, "projectId": null, "amount": "100", "id": 5}, "6": {"userId": 2, "projectId": 1, "amount": " 200", "id": 6}, "7": {"userId": 2, "projectId": 1, "amount": " 300", "id": 7}, "8": {"userId": 1, "projectId": 3, "amount": " 300", "id": 8}, "9": {"userId": 1, "projectId": 3, "amount": " 300", "id": 9}, "10": {"userId": 2, "projectId": 2, "amount": " 300", "id": 10}, "11": {"userId": 1, "projectId": 3, "amount": " 100", "id": 11}, "12": {"userId": 2, "projectId": 2, "amount": "400", "id": 12}}}