{"_default": {}, "table_user": {"1": {"fullName": "Antonio Cedeno Pozo", "gender": "male", "email": "tony@uci.cu", "password": "t", "id": 1}, "2": {"fullName": "Alejandro Ravelo Julian", "gender": "male", "email": "aravelojulian@gmail.com", "password": "alejandro", "id": 2}}, "table_profile": {}, "table_simple_project": {"1": {"creationDate": "2017-05-09T19:48:13.837Z", "id": 1, "userId": "1", "projectName": "First project", "description": "Bla bla Bla bla Bla bla Bla bla Bla bla Bla bla Bla bla Bla bla Bla bla Bla bla Bla bla Bla bla Bla bla Bla bla Bla bla Bla bla Bla bla Bla bla Bla bla Bla bla Bla bla Bla bla Bla bla Bla bla Bla bla Bla bla Bla bla Bla bla Bla bla Bla bla Bla bla Bla bla Bla bla Bla bla Bla bla Bla bla Bla bla Bla bla Bla bla Bla bla Bla bla Bla bla Bla bla Bla bla Bla bla Bla bla Bla bla Bla bla Bla bla Bla bla Bla bla Bla bla Bla bla Bla bla Bla bla Bla bla Bla bla Bla bla Bla bla Bla bla Bla bla Bla bla Bla bla Bla bla Bla bla Bla bla Bla bla Bla bla Bla bla Bla bla Bla bla Bla bla Bla bla Bla bla Bla bla Bla bla Bla bla Bla bla Bla bla Bla bla Bla bla Bla bla Bla bla Bla bla Bla bla Bla bla Bla bla Bla bla Bla bla Bla bla Bla bla Bla bla Bla bla Bla bla Bla bla Bla bla Bla bla Bla bla Bla bla Bla bla Bla bla Bla bla Bla bla Bla bla Bla bla Bla bla Bla bla Bla bla Bla bla Bla bla Bla bla Bla bla Bla bla Bla bla Bla bla Bla bla Bla bla Bla bla Bla bla Bla bla Bla bla Bla bla Bla bla Bla bla Bla bla Bla bla Bla bla Bla bla Bla bla Bla bla Bla bla Bla bla Bla bla Bla bla Bla bla Bla bla Bla bla Bla bla Bla bla Bla bla Bla bla Bla bla Bla bla Bla bla Bla bla Bla bla Bla bla Bla bla Bla bla Bla bla Bla bla Bla bla Bla bla Bla bla Bla bla Bla bla Bla bla Bla bla Bla bla Bla bla Bla bla Bla bla Bla bla Bla bla Bla bla Bla bla Bla bla Bla bla Bla bla Bla bla Bla bla Bla bla Bla bla Bla bla Bla bla Bla bla Bla bla Bla bla Bla bla Bla bla Bla bla Bla bla Bla bla Bla bla Bla bla Bla bla Bla bla Bla bla Bla bla Bla bla Bla bla Bla bla Bla bla Bla bla Bla bla Bla bla Bla bla Bla bla Bla bla Bla bla Bla bla Bla bla Bla bla Bla bla Bla bla Bla bla Bla bla Bla bla Bla bla Bla bla Bla bla Bla bla Bla bla Bla bla Bla bla Bla bla Bla bla Bla bla Bla bla Bla bla Bla bla Bla bla Bla bla Bla bla Bla bla Bla bla Bla bla Bla bla Bla bla Bla bla Bla bla", "totalCost": "200", "minimalCost": "100", "estimateDuration": "4", "state": "1", "deathLine": "2017-06-08T19:46:23.930Z", "revenueOwner": "10", "maxNumInves": "2", "minCapInves": "20"}, "2": {"creationDate": "2017-05-09T20:06:14.819Z", "id": 2, "userId": "2", "projectName": "Alejandro Project", "description": "This is a project. sjksjad kasldkas dkjas dhkajshd jashd kjasdkjasdhkjasldhaskjldhaskjdhasdh kasldhasdhkasljhdlaskhd lkashd kah klashdklashdkjash dkj askd askd askj dhkas dhkash dkjas hdkjas hdlkas dklas dk asdkjadfkjhqwjhe kqwe lqw;ke lq;wkej qwlejqw;lkrg xl x;bjdfg; f", "totalCost": "150", "minimalCost": "100", "estimateDuration": "3", "state": "1", "deathLine": "2017-05-09T20:05:06.771Z", "revenueOwner": "1", "maxNumInves": "1", "minCapInves": "1"}, "3": {"creationDate": "2017-05-09T22:24:45.800Z", "id": 3, "userId": 1, "projectName": "fung project", "description": "dsadasdsa das das das das d asd as d ad asd sad sa da d sa d asd sa dd a da s ada sd asd asd asd as dsa das as dsa das d ad ad asd sad sa das d ad asd sd d ad sad das dsa as dsa ds ads", "totalCost": "150", "minimalCost": "250", "estimateDuration": "4", "state": "1", "deathLine": "2017-06-01T22:21:55.136Z", "revenueOwner": "10", "maxNumInves": "3", "minCapInves": "40"}}, "table_complex_project": {}, "table_risk": {}, "table_reference": {}, "table_task": {"1": {"name": "First task", "description": "Bla Bla bla Bla bla Bla bla Bla bla Bla bla Bla bla Bla bla Bla bla Bla bla Bla bla Bla bla Bla bla Bla bla Bla bla Bla bla Bla bla Bla bla Bla bla Bla bla Bla bla Bla bla", "cost": "50", "startDate": "2017-05-18T04:00:00.000Z", "duration": "2", "state": "1", "projectId": "1", "id": 1}, "2": {"name": "Second task", "description": "Bla bla Bla bla Bla bla Bla bla Bla bla Bla bla Bla bla Bla bla Bla bla Bla bla Bla bla Bla bla Bla bla Bla bla Bla bla Bla bla Bla bla Bla bla Bla bla Bla bla Bla bla Bla bla Bla bla Bla bla Bla bla Bla bla Bla bla Bla bla Bla bla Bla bla Bla bla Bla bla Bla bla Bla bla Bla bla Bla bla Bla bla Bla bla Bla bla Bla bla Bla bla Bla bla", "cost": "100", "outcome": "", "startDate": "2017-06-11T04:00:00.000Z", "duration": "2", "state": "1", "projectId": "1", "id": 2}, "3": {"name": "First Task", "description": "First task in my project", "cost": "100", "startDate": "2017-05-12T04:00:00.000Z", "duration": "2", "state": "1", "projectId": "2", "id": 3}, "4": {"name": "task 1", "description": "dsaasd asds ad as sd", "cost": "50", "startDate": "2017-05-18T04:00:00.000Z", "duration": "5", "state": "1", "projectId": "3", "id": 4}, "5": {"name": "task 2", "description": "Zcc a as casc ca", "cost": "50", "outcome": "", "startDate": "2017-05-28T04:00:00.000Z", "duration": "2", "state": "", "projectId": "3", "id": 5}}, "table_proposal": {"1": {"name": "First proposal", "description": "Bla bal dasd sad asd sa das das d asd as d asd as da s d as as Bla bal dasd sad asd sa das das d asd as d asd as da s d as as Bla bal dasd sad asd sa das das d asd as d asd as da s d as as Bla bal dasd sad asd sa das das d asd as d asd as da s d as as", "projectId": 1}, "2": {"name": "proposal 1", "description": "Ssd ada sd sad as dsa da ssda das", "projectId": 1}, "3": {"name": "proposal 1", "description": "Ssd ada sd sad as dsa da ssda das", "projectId": 1}, "4": {"name": "ggg", "description": "jjj", "projectId": 3}, "5": {"name": "Proposal 1", "description": "BBBBB", "projectId": 2}, "6": {"name": "hola", "description": "hola", "projectId": 1}, "7": {"name": "new 1", "description": "dsadasdaasada", "projectId": 3}}, "table_notification": {}}